{
  "theta_deg": [
    90.0,
    89.0,
    88.0,
    87.0,
    86.0,
    85.0,
    84.0,
    83.0,
    82.0,
    81.0,
    80.0,
    79.0,
    78.0,
    77.0,
    76.0,
    75.0,
    74.0,
    73.0,
    72.0,
    71.0,
    70.0,
    69.0,
    68.0,
    67.0,
    66.0,
    65.0,
    64.0,
    63.0,
    62.0,
    61.0,
    60.0,
    59.0,
    58.0,
    57.0,
    56.0,
    55.0,
    54.0,
    53.0,
    52.0,
    51.0,
    50.0,
    49.0,
    48.0,
    47.0,
    46.0,
    45.0,
    44.0,
    43.0,
    42.0,
    41.0,
    40.0,
    39.0,
    38.0,
    37.0,
    36.0,
    35.0,
    34.0,
    33.0,
    32.0,
    31.0,
    30.0,
    29.0,
    28.0,
    27.0,
    26.0,
    25.0,
    24.0,
    23.0,
    22.0,
    21.0,
    20.0,
    19.0,
    18.0,
    17.0,
    16.0,
    15.0,
    14.0,
    13.0,
    12.0,
    11.0,
    10.0,
    9.0,
    8.0,
    7.0,
    6.0,
    5.0,
    4.0,
    3.0,
    2.0,
    1.0,
    -0.0
  ],
  "gain": [
    1.0,
    0.9977000638225534,
    0.9954054173515271,
    0.9908319448927674,
    0.9840111057611337,
    0.9749896377173867,
    0.9638290236239705,
    0.9506047936562814,
    0.9354056741475517,
    0.920449571753171,
    0.9015711376059566,
    0.8830799004185625,
    0.8609937521846006,
    0.8394599865193975,
    0.8147042840208395,
    0.7906786279998251,
    0.7655966069112563,
    0.7396052750582377,
    0.7128530301265193,
    0.6854882264526615,
    0.6576578373554205,
    0.6295061828571975,
    0.6025595860743577,
    0.5741164622073275,
    0.5470159628939716,
    0.5199959965335159,
    0.4931738039549358,
    0.46665938031428855,
    0.4415704473533124,
    0.41783036664662176,
    0.3944573020752784,
    0.3732501577957205,
    0.35237087104248715,
    0.3334264127632349,
    0.3155004623374626,
    0.2992264636608189,
    0.2851018267503909,
    0.2716439268839082,
    0.2606153549998896,
    0.2506109253032114,
    0.24266100950824154,
    0.23659196974857583,
    0.23173946499684786,
    0.228559880337543,
    0.2264644307593059,
    0.2264644307593059,
    0.2269864851883822,
    0.2290867652767773,
    0.23280912576650079,
    0.23713737056616552,
    0.24266100950824154,
    0.24888573182823903,
    0.2558585886905646,
    0.2624218543384441,
    0.26915348039269155,
    0.27605778562203465,
    0.28248799749157066,
    0.28973435877013226,
    0.2964831389524342,
    0.30269134281013055,
    0.3083187950249354,
    0.31332857243155854,
    0.3169567463043491,
    0.3206269324505465,
    0.32284941217126356,
    0.3235936569296282,
    0.3243396173493492,
    0.32284941217126356,
    0.3206269324505465,
    0.3169567463043491,
    0.3126079367123954,
    0.3069021988391157,
    0.2999162518987651,
    0.29241523778433354,
    0.2831391995799379,
    0.27352687263067116,
    0.2624218543384441,
    0.251188643150958,
    0.2387811282913177,
    0.2264644307593059,
    0.21330449131465762,
    0.1999861869632744,
    0.18620871366628672,
    0.17258378919902032,
    0.15885467485977786,
    0.1452111617587742,
    0.13212956341865748,
    0.11912420080273747,
    0.10665961212302576,
    0.0946237161365793,
    0.08317637711026708
  ],
  "gain_dBi": [
    9.48,
    9.47,
    9.46,
    9.44,
    9.41,
    9.37,
    9.32,
    9.26,
    9.19,
    9.12,
    9.03,
    8.94,
    8.83,
    8.72,
    8.59,
    8.46,
    8.32,
    8.17,
    8.01,
    7.84,
    7.66,
    7.47,
    7.28,
    7.07,
    6.86,
    6.64,
    6.41,
    6.17,
    5.93,
    5.69,
    5.44,
    5.2,
    4.95,
    4.71,
    4.47,
    4.24,
    4.03,
    3.82,
    3.64,
    3.47,
    3.33,
    3.22,
    3.13,
    3.07,
    3.03,
    3.03,
    3.04,
    3.08,
    3.15,
    3.23,
    3.33,
    3.44,
    3.56,
    3.67,
    3.78,
    3.89,
    3.99,
    4.1,
    4.2,
    4.29,
    4.37,
    4.44,
    4.49,
    4.54,
    4.57,
    4.58,
    4.59,
    4.57,
    4.54,
    4.49,
    4.43,
    4.35,
    4.25,
    4.14,
    4.0,
    3.85,
    3.67,
    3.48,
    3.26,
    3.03,
    2.77,
    2.49,
    2.18,
    1.85,
    1.49,
    1.1,
    0.69,
    0.24,
    -0.24,
    -0.76,
    -1.32
  ],
  "freq_MHz": 610.0,
  "note": "1D elevation envelope (max over phi), el=90 down to el=0"
}